{"schemaVersion":"1.0","appDefinitionTemplate":{"id":"/providers/Microsoft.PowerApps/apps/","type":"Microsoft.PowerApps/apps","tags":{"primaryDeviceWidth":"1366","primaryDeviceHeight":"768","sienaVersion":"20210916T112200Z-3.21091.30.0","deviceCapabilities":"","supportsPortrait":"true","supportsLandscape":"true","primaryFormFactor":"Tablet","publisherVersion":"3.21091.30","minimumRequiredApiVersion":"2.2.0","hasComponent":"false","hasUnlockedComponent":"false","isUnifiedRootApp":"false"},"properties":{"appVersion":"2021-09-16T11:22:00Z","lifeCycleId":"Published","createdByClientVersion":{"major":3,"minor":21091,"build":30,"revision":0,"majorRevision":0,"minorRevision":0},"minClientVersion":{"major":3,"minor":21091,"build":30,"revision":0,"majorRevision":0,"minorRevision":0},"backgroundColor":"rgba(0, 176, 240, 1)","backgroundImageUri":"/14733642442536753785/Nded1cf11-0070-4829-a837-09e4be7527d9-logoSmallFile","displayName":"PowerApps Gallery Control - Repeated Section","description":"","commitMessage":"","appUris":{"documentUri":{"value":"/14733642442536753785/Naa904895-44fc-4d85-920c-9f4e503a48d9-document.msapp"},"imageUris":[]},"createdTime":"0001-01-01T00:00:00Z","lastModifiedTime":"0001-01-01T00:00:00Z","sharedGroupsCount":0,"sharedUsersCount":0,"icons":{"smallIconUri":"/14733642442536753785/Nb3fbabb5-2a51-40b1-ad7c-ecdd0db3b728-small.png","mediumIconUri":"/14733642442536753785/N90aab00b-dc84-4cbc-b226-e4527f15405f-medium.png","largeIconUri":"/14733642442536753785/N21338a81-6de9-49bd-9ec6-2813d213c49c-large.png","wideIconUri":"/14733642442536753785/N34715877-bf41-4a45-bead-d41b0e6531bf-wide.png"},"connectionReferences":{"f1c7ea97-c27f-4200-be5c-b035befaaf4e":{"id":"73e84022-44f5-460a-8793-0ebee193895d","displayName":"SharePoint","iconUri":"https://connectoricons-prod.azureedge.net/releases/v1.0.1487/1.0.1487.2472/sharepointonline/icon.png","dataSources":["Expense Claim","Employees","PurchaseOrderList","PO Line Items"],"dependencies":[],"dependents":[],"parameterHints":{},"parameterHintsV2":{},"isOnPremiseConnection":false,"bypassConsent":false,"dataSets":{"https://globalsharepoint2020.sharepoint.com/":{"dataSources":{"Expense Claim":{"tableName":"542f8e34-e75f-4140-9c81-bfe1f46231a4"},"Employees":{"tableName":"1bf1b739-de6e-4f4d-9d57-39cb396d56cf"},"PurchaseOrderList":{"tableName":"c5a4b20b-013b-4baf-ab43-0f5ed808d202"},"PO Line Items":{"tableName":"a3e8972e-113e-4dc4-aa9d-99f8bf1cf117"}}}},"apiTier":"Standard","isCustomApiConnection":false,"actions":["providers/PowerPlatform.Governance/Operations/Read","providers/PowerPlatform.Governance/Operations/Write"]}},"databaseReferences":{},"almMode":"Environment","performanceOptimizationEnabled":true,"canConsumeAppPass":true,"executionRestrictions":{"isTeamsOnly":false,"dataLossPreventionEvaluationResult":{"status":"Compliant","lastEvaluationDate":"2021-08-23T10:28:44.5166945Z","violations":[],"violationsByPolicy":[],"violationErrorMessage":"The app uses the following connectors: shared_sharepointonline."}}},"appType":"ClassicCanvasApp","appComponents":[]}}