{"schemaVersion":"1.0","appDefinitionTemplate":{"id":"/providers/Microsoft.PowerApps/apps/","type":"Microsoft.PowerApps/apps","tags":{"primaryDeviceWidth":"1366","primaryDeviceHeight":"768","sienaVersion":"20210820T064939Z-3.21081.49.0","deviceCapabilities":"","supportsPortrait":"true","supportsLandscape":"true","primaryFormFactor":"Tablet","publisherVersion":"3.21081.49","minimumRequiredApiVersion":"2.2.0","hasComponent":"false","hasUnlockedComponent":"false","isUnifiedRootApp":"false"},"properties":{"appVersion":"2021-08-20T06:49:39Z","lifeCycleId":"Published","createdByClientVersion":{"major":3,"minor":21081,"build":49,"revision":0,"majorRevision":0,"minorRevision":0},"minClientVersion":{"major":3,"minor":21081,"build":49,"revision":0,"majorRevision":0,"minorRevision":0},"backgroundColor":"rgba(0, 176, 240, 1)","backgroundImageUri":"/9499437700173305172/Ndcda5b92-b22a-40bf-aa3a-049ac6df0b7a-logoSmallFile","displayName":"Open Outlook from PowerApps Form","description":"","commitMessage":"","appUris":{"documentUri":{"value":"/9499437700173305172/N83f51908-b5c7-4b58-bd95-9ef75f8b2910-document.msapp"},"imageUris":[]},"createdTime":"0001-01-01T00:00:00Z","lastModifiedTime":"0001-01-01T00:00:00Z","sharedGroupsCount":0,"sharedUsersCount":0,"icons":{"smallIconUri":"/9499437700173305172/N28b9ede6-804a-433e-9898-7ee9f0698041-small.png","mediumIconUri":"/9499437700173305172/Na426ab8b-ac81-4d8b-b39d-b674b7af1cc8-medium.png","largeIconUri":"/9499437700173305172/N8d588f61-e090-4ce7-b893-e595766cc412-large.png","wideIconUri":"/9499437700173305172/Necdfd097-3eae-4d7b-b5fa-c65e99cc760f-wide.png"},"connectionReferences":{},"databaseReferences":{},"almMode":"Environment","performanceOptimizationEnabled":true,"canConsumeAppPass":true,"executionRestrictions":{"isTeamsOnly":false,"dataLossPreventionEvaluationResult":{"status":"Compliant","lastEvaluationDate":"2021-08-20T06:49:55.5465016Z","violations":[],"violationsByPolicy":[],"violationErrorMessage":"The app uses the following connectors: ."}}},"appType":"ClassicCanvasApp","appComponents":[]}}