{"schemaVersion":"1.0","appDefinitionTemplate":{"id":"/providers/Microsoft.PowerApps/apps/","type":"Microsoft.PowerApps/apps","tags":{"primaryDeviceWidth":"1366","primaryDeviceHeight":"768","sienaVersion":"20210608T173049Z-3.21054.31.0","deviceCapabilities":"","supportsPortrait":"false","supportsLandscape":"true","primaryFormFactor":"Tablet","publisherVersion":"3.21054.31","minimumRequiredApiVersion":"2.2.0","hasComponent":"false","hasUnlockedComponent":"false","isUnifiedRootApp":"false"},"properties":{"appVersion":"2021-06-08T17:30:49Z","lifeCycleId":"Published","createdByClientVersion":{"major":3,"minor":21054,"build":31,"revision":0,"majorRevision":0,"minorRevision":0},"minClientVersion":{"major":3,"minor":21054,"build":31,"revision":0,"majorRevision":0,"minorRevision":0},"backgroundColor":"rgba(0, 176, 240, 1)","backgroundImageUri":"/4712715407141764480/Nd068fa97-7e07-42a2-a463-7fe5065a8be3-logoSmallFile","displayName":"String concatenation function in PowerApps","description":"","commitMessage":"","appUris":{"documentUri":{"value":"/4712715407141764480/N9494cfb0-b239-4c35-98dd-46f72beac745-document.msapp"},"imageUris":[]},"createdTime":"0001-01-01T00:00:00Z","lastModifiedTime":"0001-01-01T00:00:00Z","sharedGroupsCount":0,"sharedUsersCount":0,"icons":{"smallIconUri":"/4712715407141764480/N208f5400-8ea8-4d58-918f-206631ebb3b4-small.png","mediumIconUri":"/4712715407141764480/N2a741e05-2fbd-45be-8121-82218d249683-medium.png","largeIconUri":"/4712715407141764480/Nadd6823d-0e0d-4bc1-803e-2a1ddfdfe70e-large.png","wideIconUri":"/4712715407141764480/N60cf91f8-1378-4f24-97d5-b48934857041-wide.png"},"connectionReferences":{},"databaseReferences":{},"almMode":"Environment","performanceOptimizationEnabled":true,"canConsumeAppPass":true,"executionRestrictions":{"isTeamsOnly":false,"dataLossPreventionEvaluationResult":{"status":"Compliant","lastEvaluationDate":"2021-06-08T17:30:59.5362999Z","violations":[],"violationsByPolicy":[],"violationErrorMessage":"The app uses the following connectors: ."}}},"appType":"ClassicCanvasApp","appComponents":[]}}